,np.tanh(std_delta_len),instruction_difficulty,not_gamed_baseline.astype(float)
llama3-8b-lima_4,-1.1955837054305387,0.1584525179340345,-1.9188636585143133
llama3-8b-alpaca_data_10k_response_4,-1.1545628413595350,0.0000000000000000,-1.0520089339310892
llama3-8b-wizardlm_evol_instruct_10k_responses_4,-1.2522270659859225,0.1138490220975744,-1.3738957545627759
tag_general_11_15_alpaca_complexity_0_1w_data_instagger_fp16_self,-0.8772426352370023,0.0330586148858106,-1.1123428671137026
tag_general_11_15_alpaca_complexity_1_1w_data_instagger_fp16_self,-0.7991749052411637,-0.0229819465334431,-0.9493932314555614
tag_general_11_15_alpaca_complexity_2_1w_data_instagger_fp16_self,-0.7580683244278607,-0.0293308972379124,-0.8780707977519524
