Unnamed: 0,win_rate,standard_error,avg_length,n_total,length_controlled_winrate,lc_standard_error
llama3-8b-alpaca_data_cleaned_52k,5.209994938113079,0.7359768666154702,1070,803,7.72867337428313,0.3149978842876265
llama3.2-3b-alpaca_data_cleaned,4.119036747970113,0.6653725295575565,967,803,8.05935746964989,0.3460423512159525
llama3.2-3b-WizardLM_evol_instruct_V2_196k_processed,4.457183448219179,0.6779520387816153,1128,803,6.744860499297525,0.2988762811548597
